Canal,Sentimiento,Urgencia,Resultado,Conversaciones
chat,negative,critical,Closed - No Action,11
chat,negative,critical,Escalated,12
chat,negative,critical,Pending Customer,13
chat,negative,critical,Pending Vendor,20
chat,negative,critical,Resolved,13
chat,negative,high,Closed - No Action,23
chat,negative,high,Escalated,34
chat,negative,high,Pending Customer,38
chat,negative,high,Pending Vendor,20
chat,negative,high,Resolved,35
chat,negative,low,Closed - No Action,3
chat,negative,low,Escalated,8
chat,negative,low,Pending Customer,9
chat,negative,low,Pending Vendor,10
chat,negative,low,Resolved,7
chat,negative,medium,Closed - No Action,20
chat,negative,medium,Escalated,21
chat,negative,medium,Pending Customer,24
chat,negative,medium,Pending Vendor,33
chat,negative,medium,Resolved,27
chat,neutral,critical,Closed - No Action,13
chat,neutral,critical,Escalated,8
chat,neutral,critical,Pending Customer,8
chat,neutral,critical,Pending Vendor,10
chat,neutral,critical,Resolved,10
chat,neutral,high,Closed - No Action,14
chat,neutral,high,Escalated,25
chat,neutral,high,Pending Customer,13
chat,neutral,high,Pending Vendor,15
chat,neutral,high,Resolved,12
chat,neutral,low,Closed - No Action,4
chat,neutral,low,Escalated,6
chat,neutral,low,Pending Customer,4
chat,neutral,low,Pending Vendor,4
chat,neutral,low,Resolved,2
chat,neutral,medium,Closed - No Action,13
chat,neutral,medium,Escalated,10
chat,neutral,medium,Pending Customer,12
chat,neutral,medium,Pending Vendor,11
chat,neutral,medium,Resolved,16
chat,positive,critical,Closed - No Action,5
chat,positive,critical,Escalated,7
chat,positive,critical,Pending Customer,6
chat,positive,critical,Pending Vendor,4
chat,positive,critical,Resolved,2
chat,positive,high,Closed - No Action,9
chat,positive,high,Escalated,12
chat,positive,high,Pending Customer,15
chat,positive,high,Pending Vendor,11
chat,positive,high,Resolved,8
chat,positive,low,Closed - No Action,6
chat,positive,low,Escalated,2
chat,positive,low,Pending Customer,3
chat,positive,low,Pending Vendor,2
chat,positive,low,Resolved,4
chat,positive,medium,Closed - No Action,14
chat,positive,medium,Escalated,13
chat,positive,medium,Pending Customer,6
chat,positive,medium,Pending Vendor,2
chat,positive,medium,Resolved,8
email,negative,critical,Closed - No Action,8
email,negative,critical,Escalated,14
email,negative,critical,Pending Customer,17
email,negative,critical,Pending Vendor,13
email,negative,critical,Resolved,19
email,negative,high,Closed - No Action,26
email,negative,high,Escalated,27
email,negative,high,Pending Customer,35
email,negative,high,Pending Vendor,31
email,negative,high,Resolved,25
email,negative,low,Closed - No Action,7
email,negative,low,Escalated,8
email,negative,low,Pending Customer,4
email,negative,low,Pending Vendor,8
email,negative,low,Resolved,5
email,negative,medium,Closed - No Action,14
email,negative,medium,Escalated,24
email,negative,medium,Pending Customer,24
email,negative,medium,Pending Vendor,23
email,negative,medium,Resolved,24
email,neutral,critical,Closed - No Action,10
email,neutral,critical,Escalated,12
email,neutral,critical,Pending Customer,12
email,neutral,critical,Pending Vendor,10
email,neutral,critical,Resolved,6
email,neutral,high,Closed - No Action,15
email,neutral,high,Escalated,16
email,neutral,high,Pending Customer,17
email,neutral,high,Pending Vendor,17
email,neutral,high,Resolved,14
email,neutral,low,Closed - No Action,4
email,neutral,low,Escalated,4
email,neutral,low,Pending Customer,5
email,neutral,low,Resolved,4
email,neutral,medium,Closed - No Action,15
email,neutral,medium,Escalated,9
email,neutral,medium,Pending Customer,9
email,neutral,medium,Pending Vendor,12
email,neutral,medium,Resolved,15
email,positive,critical,Closed - No Action,2
email,positive,critical,Escalated,9
email,positive,critical,Pending Customer,7
email,positive,critical,Pending Vendor,5
email,positive,critical,Resolved,9
email,positive,high,Closed - No Action,11
email,positive,high,Escalated,8
email,positive,high,Pending Customer,7
email,positive,high,Pending Vendor,10
email,positive,high,Resolved,10
email,positive,low,Closed - No Action,1
email,positive,low,Escalated,5
email,positive,low,Pending Customer,3
email,positive,low,Resolved,1
email,positive,medium,Closed - No Action,12
email,positive,medium,Escalated,10
email,positive,medium,Pending Customer,9
email,positive,medium,Pending Vendor,10
email,positive,medium,Resolved,6
in_app,negative,critical,Closed - No Action,21
in_app,negative,critical,Escalated,12
in_app,negative,critical,Pending Customer,12
in_app,negative,critical,Pending Vendor,10
in_app,negative,critical,Resolved,9
in_app,negative,high,Closed - No Action,39
in_app,negative,high,Escalated,30
in_app,negative,high,Pending Customer,31
in_app,negative,high,Pending Vendor,37
in_app,negative,high,Resolved,29
in_app,negative,low,Closed - No Action,6
in_app,negative,low,Escalated,8
in_app,negative,low,Pending Customer,11
in_app,negative,low,Pending Vendor,6
in_app,negative,low,Resolved,7
in_app,negative,medium,Closed - No Action,23
in_app,negative,medium,Escalated,16
in_app,negative,medium,Pending Customer,21
in_app,negative,medium,Pending Vendor,25
in_app,negative,medium,Resolved,23
in_app,neutral,critical,Closed - No Action,8
in_app,neutral,critical,Escalated,10
in_app,neutral,critical,Pending Customer,9
in_app,neutral,critical,Pending Vendor,14
in_app,neutral,critical,Resolved,9
in_app,neutral,high,Closed - No Action,11
in_app,neutral,high,Escalated,9
in_app,neutral,high,Pending Customer,15
in_app,neutral,high,Pending Vendor,22
in_app,neutral,high,Resolved,15
in_app,neutral,low,Closed - No Action,3
in_app,neutral,low,Escalated,4
in_app,neutral,low,Pending Customer,2
in_app,neutral,low,Pending Vendor,5
in_app,neutral,low,Resolved,3
in_app,neutral,medium,Closed - No Action,26
in_app,neutral,medium,Escalated,14
in_app,neutral,medium,Pending Customer,7
in_app,neutral,medium,Pending Vendor,11
in_app,neutral,medium,Resolved,17
in_app,positive,critical,Closed - No Action,7
in_app,positive,critical,Escalated,5
in_app,positive,critical,Pending Customer,5
in_app,positive,critical,Pending Vendor,9
in_app,positive,critical,Resolved,4
in_app,positive,high,Closed - No Action,14
in_app,positive,high,Escalated,22
in_app,positive,high,Pending Customer,12
in_app,positive,high,Pending Vendor,16
in_app,positive,high,Resolved,9
in_app,positive,low,Closed - No Action,5
in_app,positive,low,Escalated,1
in_app,positive,low,Pending Vendor,6
in_app,positive,low,Resolved,5
in_app,positive,medium,Closed - No Action,6
in_app,positive,medium,Escalated,14
in_app,positive,medium,Pending Customer,6
in_app,positive,medium,Pending Vendor,5
in_app,positive,medium,Resolved,10
voice_transcript,negative,critical,Closed - No Action,15
voice_transcript,negative,critical,Escalated,15
voice_transcript,negative,critical,Pending Customer,17
voice_transcript,negative,critical,Pending Vendor,9
voice_transcript,negative,critical,Resolved,6
voice_transcript,negative,high,Closed - No Action,35
voice_transcript,negative,high,Escalated,20
voice_transcript,negative,high,Pending Customer,21
voice_transcript,negative,high,Pending Vendor,22
voice_transcript,negative,high,Resolved,26
voice_transcript,negative,low,Closed - No Action,4
voice_transcript,negative,low,Escalated,8
voice_transcript,negative,low,Pending Customer,5
voice_transcript,negative,low,Pending Vendor,14
voice_transcript,negative,low,Resolved,6
voice_transcript,negative,medium,Closed - No Action,13
voice_transcript,negative,medium,Escalated,16
voice_transcript,negative,medium,Pending Customer,17
voice_transcript,negative,medium,Pending Vendor,29
voice_transcript,negative,medium,Resolved,27
voice_transcript,neutral,critical,Closed - No Action,9
voice_transcript,neutral,critical,Escalated,11
voice_transcript,neutral,critical,Pending Customer,9
voice_transcript,neutral,critical,Pending Vendor,6
voice_transcript,neutral,critical,Resolved,10
voice_transcript,neutral,high,Closed - No Action,19
voice_transcript,neutral,high,Escalated,13
voice_transcript,neutral,high,Pending Customer,20
voice_transcript,neutral,high,Pending Vendor,16
voice_transcript,neutral,high,Resolved,18
voice_transcript,neutral,low,Closed - No Action,4
voice_transcript,neutral,low,Escalated,5
voice_transcript,neutral,low,Pending Customer,6
voice_transcript,neutral,low,Pending Vendor,2
voice_transcript,neutral,low,Resolved,6
voice_transcript,neutral,medium,Closed - No Action,14
voice_transcript,neutral,medium,Escalated,12
voice_transcript,neutral,medium,Pending Customer,11
voice_transcript,neutral,medium,Pending Vendor,9
voice_transcript,neutral,medium,Resolved,13
voice_transcript,positive,critical,Closed - No Action,5
voice_transcript,positive,critical,Escalated,7
voice_transcript,positive,critical,Pending Customer,3
voice_transcript,positive,critical,Pending Vendor,9
voice_transcript,positive,critical,Resolved,5
voice_transcript,positive,high,Closed - No Action,10
voice_transcript,positive,high,Escalated,10
voice_transcript,positive,high,Pending Customer,9
voice_transcript,positive,high,Pending Vendor,17
voice_transcript,positive,high,Resolved,14
voice_transcript,positive,low,Closed - No Action,3
voice_transcript,positive,low,Escalated,2
voice_transcript,positive,low,Pending Customer,2
voice_transcript,positive,low,Pending Vendor,3
voice_transcript,positive,low,Resolved,3
voice_transcript,positive,medium,Closed - No Action,7
voice_transcript,positive,medium,Escalated,7
voice_transcript,positive,medium,Pending Customer,7
voice_transcript,positive,medium,Pending Vendor,7
voice_transcript,positive,medium,Resolved,9
whatsapp,negative,critical,Closed - No Action,18
whatsapp,negative,critical,Escalated,10
whatsapp,negative,critical,Pending Customer,9
whatsapp,negative,critical,Pending Vendor,11
whatsapp,negative,critical,Resolved,8
whatsapp,negative,high,Closed - No Action,29
whatsapp,negative,high,Escalated,28
whatsapp,negative,high,Pending Customer,34
whatsapp,negative,high,Pending Vendor,34
whatsapp,negative,high,Resolved,39
whatsapp,negative,low,Closed - No Action,7
whatsapp,negative,low,Escalated,10
whatsapp,negative,low,Pending Customer,7
whatsapp,negative,low,Pending Vendor,7
whatsapp,negative,low,Resolved,4
whatsapp,negative,medium,Closed - No Action,20
whatsapp,negative,medium,Escalated,22
whatsapp,negative,medium,Pending Customer,21
whatsapp,negative,medium,Pending Vendor,18
whatsapp,negative,medium,Resolved,21
whatsapp,neutral,critical,Closed - No Action,4
whatsapp,neutral,critical,Escalated,10
whatsapp,neutral,critical,Pending Customer,9
whatsapp,neutral,critical,Pending Vendor,6
whatsapp,neutral,critical,Resolved,4
whatsapp,neutral,high,Closed - No Action,18
whatsapp,neutral,high,Escalated,21
whatsapp,neutral,high,Pending Customer,11
whatsapp,neutral,high,Pending Vendor,12
whatsapp,neutral,high,Resolved,16
whatsapp,neutral,low,Closed - No Action,5
whatsapp,neutral,low,Escalated,4
whatsapp,neutral,low,Pending Customer,3
whatsapp,neutral,low,Pending Vendor,8
whatsapp,neutral,low,Resolved,9
whatsapp,neutral,medium,Closed - No Action,17
whatsapp,neutral,medium,Escalated,10
whatsapp,neutral,medium,Pending Customer,15
whatsapp,neutral,medium,Pending Vendor,13
whatsapp,neutral,medium,Resolved,14
whatsapp,positive,critical,Closed - No Action,6
whatsapp,positive,critical,Escalated,2
whatsapp,positive,critical,Pending Customer,4
whatsapp,positive,critical,Pending Vendor,10
whatsapp,positive,critical,Resolved,8
whatsapp,positive,high,Closed - No Action,12
whatsapp,positive,high,Escalated,12
whatsapp,positive,high,Pending Customer,11
whatsapp,positive,high,Pending Vendor,11
whatsapp,positive,high,Resolved,13
whatsapp,positive,low,Closed - No Action,3
whatsapp,positive,low,Escalated,3
whatsapp,positive,low,Pending Customer,2
whatsapp,positive,low,Pending Vendor,3
whatsapp,positive,low,Resolved,6
whatsapp,positive,medium,Closed - No Action,7
whatsapp,positive,medium,Escalated,7
whatsapp,positive,medium,Pending Customer,5
whatsapp,positive,medium,Pending Vendor,6
whatsapp,positive,medium,Resolved,10
