ngrama,conteo,frecuencia
in hours,86,0.002674129353
jaldi please,86,0.002674129353
thoda jaldi,86,0.002674129353
flight in,86,0.002674129353
please flight,86,0.002674129353
can you,78,0.002425373134
please expedite,77,0.002394278607
it urgent,77,0.002394278607
urgent please,77,0.002394278607
still not,73,0.002269900498
not fixed,73,0.002269900498
you escalate,73,0.002269900498
fixed can,73,0.002269900498
waiting for,71,0.002207711443
an update,71,0.002207711443
for an,71,0.002207711443
okay waiting,71,0.002207711443
that helps,66,0.002052238806
thanks that,66,0.002052238806
retried and,56,0.001741293532
