Comparacion,Control,Tratamiento,N_A,N_B,Resueltos_A,Resueltos_B,Tasa_A,Tasa_B,Diferencia,Z,PValue,IC95Inferior,IC95Superior,Prob_B_Supera_A
chat vs email,chat,email,730,697,144,138,0.197260274,0.1979913917,0.000731117706,0.03466967814,0.9723431397,-0.04060287725,0.04206511266,0.5142977167
chat vs in_app,chat,in_app,730,751,144,140,0.197260274,0.1864181092,-0.01084216478,-0.5298692128,0.5962026134,-0.05095607104,0.02927174147,0.2981551599
chat vs voice_transcript,chat,voice_transcript,730,677,144,143,0.197260274,0.211225997,0.01396572307,0.6495555226,0.5159793709,-0.02820916807,0.05614061422,0.742244975
chat vs whatsapp,chat,whatsapp,730,707,144,152,0.197260274,0.2149929279,0.01773265389,0.8309685378,0.4059914032,-0.02410451884,0.05956982662,0.7968465572
email vs chat,email,chat,697,730,138,144,0.1979913917,0.197260274,-0.000731117706,-0.03466967814,0.9723431397,-0.04206511266,0.04060287725,0.4857022833
email vs in_app,email,in_app,697,751,138,140,0.1979913917,0.1864181092,-0.01157328249,-0.5586783779,0.5763812384,-0.05220597661,0.02905941163,0.2878675124
email vs voice_transcript,email,voice_transcript,697,677,138,143,0.1979913917,0.211225997,0.01323460537,0.6080675741,0.5431426572,-0.02943402245,0.05590323318,0.7283310156
email vs whatsapp,email,whatsapp,697,707,138,152,0.1979913917,0.2149929279,0.01700153619,0.7867852683,0.4314075787,-0.02533331209,0.05933638446,0.7838531518
in_app vs chat,in_app,chat,751,730,140,144,0.1864181092,0.197260274,0.01084216478,0.5298692128,0.5962026134,-0.02927174147,0.05095607104,0.7018448401
in_app vs email,in_app,email,751,697,140,138,0.1864181092,0.1979913917,0.01157328249,0.5586783779,0.5763812384,-0.02905941163,0.05220597661,0.7121324876
in_app vs voice_transcript,in_app,voice_transcript,751,677,140,143,0.1864181092,0.211225997,0.02480788786,1.174281545,0.2402822729,-0.01667991921,0.06629569493,0.879885323
in_app vs whatsapp,in_app,whatsapp,751,707,140,152,0.1864181092,0.2149929279,0.02857481868,1.362546146,0.1730255913,-0.01256963069,0.06971926805,0.913341978
voice_transcript vs chat,voice_transcript,chat,677,730,143,144,0.211225997,0.197260274,-0.01396572307,-0.6495555226,0.5159793709,-0.05614061422,0.02820916807,0.257755025
voice_transcript vs email,voice_transcript,email,677,697,143,138,0.211225997,0.1979913917,-0.01323460537,-0.6080675741,0.5431426572,-0.05590323318,0.02943402245,0.2716689844
voice_transcript vs in_app,voice_transcript,in_app,677,751,143,140,0.211225997,0.1864181092,-0.02480788786,-1.174281545,0.2402822729,-0.06629569493,0.01667991921,0.120114677
voice_transcript vs whatsapp,voice_transcript,whatsapp,677,707,143,152,0.211225997,0.2149929279,0.003766930818,0.1710546098,0.8641808259,-0.0393893165,0.04692317814,0.5673781291
whatsapp vs chat,whatsapp,chat,707,730,152,144,0.2149929279,0.197260274,-0.01773265389,-0.8309685378,0.4059914032,-0.05956982662,0.02410451884,0.2031534428
whatsapp vs email,whatsapp,email,707,697,152,138,0.2149929279,0.1979913917,-0.01700153619,-0.7867852683,0.4314075787,-0.05933638446,0.02533331209,0.2161468482
whatsapp vs in_app,whatsapp,in_app,707,751,152,140,0.2149929279,0.1864181092,-0.02857481868,-1.362546146,0.1730255913,-0.06971926805,0.01256963069,0.08665802201
whatsapp vs voice_transcript,whatsapp,voice_transcript,707,677,152,143,0.2149929279,0.211225997,-0.003766930818,-0.1710546098,0.8641808259,-0.04692317814,0.0393893165,0.4326218709
